1, Gang, Wang, 8365749894, 2266 Cedar Hill, Madison, VA, 50879, 4623158750097503
101, Olga, Hidayat, 8573979607, 7574 Main Road, Greenville, VA, 65007, 4664325508276624
201, Suresh, Yilmaz, 2267361100, 4612 First Avenue, Douglasville, CT, 30179, 4708843962089227
301, Noor, Ngoma, 1187573384, 3287 Center Lane, Spring, WA, 14794, 4791503184810959
401, Ni, Otieno, 8552629474, 7050 Kenniston Drive, Franklin, CT, 18934, 4637143157060720
501, Mario, Lopez, 1354052496, 1337 Fifth Drive, Clinton, VA, 16867, 4576009138541300
601, Wei, Diallo, 6543211694, 3089 Washington Springs, Douglasville, NJ, 93518, 4566229452505270
701, Omar, Yilmaz, 1983345724, 7827 Fourth Green, Spring, WA, 63514, 4543539354937054
801, Kashvi, Mohapi, 6787612399, 7169 Elm Heights, Greenville, VA, 32924, 4658540080732761
901, Ahmad, Grigoryan, 6862171594, 9143 Cedar Avenue, Douglasville, MD, 22282, 4772858145626708
1001, Sofia, Nakamura, 4247137145, 7820 Pine Drive, Bristol, CT, 96864, 4626911783420170
1101, Kashvi, Garcia, 3093152780, 6918 Pine Avenue, Arlington, CO, 39040, 4741340070732801
1201, Xiaoyan, Nakamura, 1612607585, 7848 Fifth Green, Washington, NY, 58195, 4607044735631574
1301, Nushi, Rusu, 7852451255, 6414 Fourth Road, Georgetown, CA, 47432, 4716453103272564
1401, Agnes, Nkosi, 4665923567, 4060 Main Street, Chester, PA, 49685, 4671481685752643
1501, Olga, Symanski, 6432785687, 2835 Center Dale, Fairview, MD, 92075, 4523467702222568
1601, Charles, Fernandes, 7545615720, 6177 Ninth Lane, Centerville, VA, 67906, 4715786444743349
1701, Maria, Jonsdottir, 1505512827, 3989 Main Street, Greenville, MN, 44362, 4525592934551720
1801, Rosa, Jonsdottir, 2606125655, 5400 Elm Neck, Bristol, WA, 48761, 4785339459492955
1901, Hector, Grigoryan, 9312232447, 1785 Maple Neck, Centerville, OR, 28588, 4604984265652619
2001, Luz, Garcia, 2663698033, 5617 View Loop, Spring, CO, 28716, 4657871242205380
2101, Agnes, Ndong, 5153146205, 373 Seventh Heights, Chester, OR, 53105, 4533241349300675
2201, Susan, Rolle, 3607403677, 4981 Seventh View, Arlington, CO, 78197, 4724510467629246
2301, Makena, Mohamed, 6186464103, 2464 Pine Neck, Spring, OR, 58247, 4584727484790499
2401, Cesar, Nkosi, 7023873244, 2488 Kenniston Way, Centerville, PA, 28703, 4779954466417898
2501, Sarah, Sato, 8972914616, 7209 Maple Grover, Chester, CA, 22218, 4713627479388384
2601, Sonia, Ganbold, 2265919913, 3888 Elm Street, Douglasville, FL, 25768, 4623694957017396
2701, Rose, Akter, 7232185714, 890 Washington View, Clinton, PA, 54485, 4721006879043650
2801, Anh, Kim, 7804983955, 8834 Hill Way, Georgetown, FL, 71625, 4600747100058273
2901, Minato, Hidayat, 7792933038, 6722 Ninth Lane, Spring, AZ, 84775, 4693038472720506
3001, Xiaoyan, Nakamura, 1742222253, 7227 Washington Station, Arlington, OH, 74347, 4765880144686308
3101, Yuliya, Da Silva, 4364719019, 5580 Ninth Avenue, Clinton, CO, 51233, 4752582096202545
3201, Kai, Garcia, 4545246401, 9017 Eighth Street, Pelham, CA, 41195, 4571956029433370
3301, Sonia, O'Keefe, 9534359216, 8013 Eighth Place, Douglasville, FL, 27100, 4694095317525935
3401, Mbaye, Tari, 6722974353, 7304 Park Green, Georgetown, CO, 58706, 4655506669841157
3501, Nushi, Ndong, 7443048858, 323 Eighth Lane, Douglasville, CT, 71063, 4583266010060946
3601, Mahmoud, Chen, 1237824450, 5042 Lake Springs, Madison, AZ, 84980, 4675282290411826
3701, Ramesh, Rajesh, Silva, 6323224045, 9026 Kenniston Lane, Madison, CO, 82071, 4664171850888310
3801, Susan, Kim, 1327026963, 6246 First Shore, Franklin, CA, 69750, 4781843825403802
3901, Margarita, Awad, 3222629341, 2774 Pine Way, Pelham, NJ, 87950, 4646525939899348
4001, Maria, Jonsdottir, 1593118524, 945 Second Loop, Douglasville, NY, 43131, 4546055754295306
4101, Sri, Mae, 6312754296, 7748 Oak Grover, Arlington, WA, 41014, 4764751567884516
4201, Marina, Beridze, 7002044778, 6333 First Place, Washington, PA, 40177, 4561031616490988
4301, Hector, Mohapi, 5832992347, 7842 Washington Way, Dover, OH, 27670, 4686832999045317
4401, Kioko, Ivanova, 4895568711, 7581 First Loop, Clinton, CT, 79871, 4649335594785779
4501, Ahmad, Khan, 7554553981, 2887 Center Springs, Bristol, MD, 60678, 4783408309261302
4601, Kioko, Rusu, 1717671216, 9446 Oak Drive, Washington, AZ, 23517, 4594100361048492
4701, Ibrahim, Kim, 1316833348, 8705 Park Street, Franklin, OH, 98955, 4776925065596973
4801, Omar, Joseph, 3465241881, 4346 Washington Loop, Franklin, WA, 87549, 4541203489473332
4901, Roman, Ndong, 9845527705, 4433 Second Way, Spring, MN, 27463, 4726848307084030
5001, Ying, Silva, 8285259421, 7875 Park View, Arlington, OR, 71758, 4563896177743341
5101, Gang, Dela Cruz, 5025764669, 1328 Oak Station, Chester, OH, 25675, 4729699263977470
5201, Ni, Joseph, 2227103389, 9877 Elm Way, Madison, PA, 40963, 4643330570370854
5301, Ramon, Melnik, 3636378906, 9967 Fourth Avenue, Dover, WA, 21446, 4538502291049795
5401, Samar, Molefe, 8173336540, 6909 Washington Drive, Franklin, FL, 80963, 4736460383575189
5501, Jionghua, Garcia, 8415463547, 2470 Oak Springs, Pelham, NJ, 16191, 4607000123227550
5601, Astou, Diallo, 9787185739, 9820 Third Lane, Douglasville, CA, 26738, 4565533749187499
5701, Luz, Silva, 9187097352, 308 Second Grover, Dover, MD, 22132, 4725637297293824
5801, Jose, Awad, 7607924864, 7820 Seventh Drive, Spring, WA, 83585, 4704288929443073
5901, Anil, Ali, 6217825852, 3337 Second Avenue, Georgetown, PA, 71383, 4682555241608646
6001, Alexander, Melnik, 7225923626, 8747 Washington Springs, Georgetown, NY, 59786, 4571686715892508
6101, Bibi, Garcia, 6573006407, 248 Ninth Run, Madison, MN, 53490, 4745208775048951
6201, Lan, Alaoui, 1285166380, 3962 Third Hill, Fairview, PA, 92877, 4537806824223577
6301, Samar, Otieno, 9884921140, 2184 Lakeview Neck, Franklin, CT, 59341, 4741595491531501
6401, Margarita, Soares, 1692876179, 9317 Park Station, Chester, MN, 67018, 4652753696303188
6501, Suresh, Symanski, 4904644145, 4684 Lake Neck, Bristol, OR, 80540, 4680012653414071
6601, Anh, Otieno, 9415349868, 7827 Oak Place, Dover, NY, 70007, 4591792032778610
6701, Rosa, Soares, 4974781116, 9991 First Station, Madison, OR, 15520, 4503820314206055
6801, Ramesh, Rajesh, Grigoryan, 9352214708, 309 Main Road, Clinton, PA, 29849, 4555200301028754
6901, Cesar, Jonsdottir, 5783444952, 4249 Elm Road, Clinton, MD, 69324, 4629715227475783
7001, Sonia, Ganbold, 5173894728, 2415 Ninth Hill, Fairview, NY, 51511, 4519260257362567
7101, Agnes, Melnik, 4192019750, 9210 Kenniston Station, Pelham, MN, 13005, 4792419988938047
7201, Ramesh, Rajesh, Tan, 2065274194, 7889 Ninth Way, Bristol, NY, 37831, 4530404305975523
7301, Luz, Melnik, 6583102943, 5196 Main Station, Pelham, CA, 98252, 4549636513056119
7401, Jessica, Joseph, 1562388486, 4512 Park Heights, Arlington, MD, 79759, 4507586310508316
7501, Samar, Joseph, 8964765262, 7149 Second Loop, Dover, MN, 18265, 4779848928111799
7601, Yuliya, Joseph, 1752295473, 2188 Hill Run, Bristol, NY, 72517, 4678480468382757
7701, Rose, Molefe, 2437391332, 1308 Pine Street, Spring, PA, 55004, 4693517443700325
7801, Jessica, Ali, 8297047870, 1347 Oak Station, Dover, NJ, 37255, 4572786875806840
7901, Luis, Jallow, 8764069102, 3279 Lakeview Loop, Greenville, CT, 56310, 4555004042872334
8001, Mahmoud, Da Silva, 3335917457, 1920 Main Avenue, Dover, OR, 88604, 4518629613083835
8101, Lakshmi, Symanski, 1342107448, 2522 Center Springs, Greenville, MD, 65332, 4502365621437132
8201, Ghulam, phiri, 8555648656, 7379 Oak Avenue, Douglasville, MD, 77185, 4667439697843589
8301, Minato, Yilmaz, 6302686245, 2747 Cedar Heights, Chester, CT, 32310, 4636220132224516
8401, Ashok, Silva, 4515181648, 2153 Kenniston Road, Greenville, NY, 21983, 4560420831629336
8501, Kyaw, Wu, 7816475215, 5727 Cedar Hill, Arlington, FL, 88647, 4650148804997160
8601, Mahmoud, Melnik, 3063261413, 9571 Lakeview Avenue, Dover, MD, 85425, 4705141642139152
8701, Susan, Sato, 8345983826, 884 Eighth Dale, Douglasville, WA, 49731, 4742926130045749
8801, Rose, Fernandes, 4743922282, 7086 First Grover, Clinton, FL, 61206, 4769057356393739
8901, Hector, Tari, 4295112605, 9582 Fifth Heights, Chester, MD, 28137, 4580138455597510
9001, Sofia, Mohapi, 4953883395, 1419 Park Drive, Centerville, NY, 90547, 4712807169908034
9101, Alexander, Wang, 2673991200, 9887 Second Grover, Greenville, MN, 24150, 4717624435556205
9201, Ashok, Molefe, 6613124552, 9127 Lake Lane, Dover, OH, 24390, 4548273796500000
9301, Wei, Kim, 1797188515, 5394 View Run, Chester, MD, 72953, 4780309589696498
9401, Sri, Awad, 2747959934, 5430 Center Heights, Madison, VA, 92026, 4555244216613206
9501, Wei, Ganbold, 2495141714, 2007 First Avenue, Madison, WA, 67300, 4745440169182420
9601, Rose, Lopez, 8874481552, 1526 Ninth Springs, Clinton, CO, 73481, 4614464540960251
9701, Nushi, Akter, 9126016762, 7663 Lake Way, Spring, CA, 43051, 4582827027858146
9801, Luz, Fernandes, 1955495023, 9520 Kenniston View, Fairview, MN, 17158, 4539847133914904
9901, Roman, Mohamed, 2573104831, 2967 Pine Heights, Bristol, NY, 39751, 4602418490372633
